priority_rank,priority_score,r4_review_id,source_review_id,dataset,condition,bucket,metric_state,panel_majority,panel_unanimous,panel_unique_labels,panel_metric_error_majority,metric_closure,metric_em,metric_f1,support_present,support_rank_min,risk_reasons,question,gold_answer,model_answer
1,51,r4b-v2-0017,r3k-0031,2wiki,no_support,2wiki_no_support_success_leakage,metric_closed,correct,FALSE,wrong;correct,none,1,0,0.25,FALSE,,no_support_condition;no_support_metric_closed;no_support_success_bucket;panel_disagreement;support_absent,"Which film came out earlier, Nattukku Oru Nallavan or Jack The Bear?",Nattukku Oru Nallavan,"Nattukku Oru Nallavan came out earlier than Jack The Bear. However, the context provided does not contain information about the release date of N"
2,51,r4b-v2-0018,r3k-0045,2wiki,no_support,2wiki_no_support_success_leakage,metric_closed,correct,FALSE,wrong;correct,none,1,1,1,FALSE,,no_support_condition;no_support_metric_closed;no_support_success_bucket;panel_disagreement;support_absent,"Which film was released more recently, The King Of The Kickboxers or Kenny & Company?",The King Of The Kickboxers,The King Of The Kickboxers
3,51,r4b-v2-0019,r3k-0053,2wiki,no_support,2wiki_no_support_success_leakage,metric_closed,correct,FALSE,wrong;correct,none,1,1,1,FALSE,,no_support_condition;no_support_metric_closed;no_support_success_bucket;panel_disagreement;support_absent,Where was the father of Louise Sophie Of Hanau-Lichtenberg born?,Bouxwiller,Bouxwiller
4,51,r4b-v2-0020,r3k-0077,2wiki,no_support,2wiki_no_support_success_leakage,metric_closed,correct,FALSE,wrong;correct,none,1,1,1,FALSE,,no_support_condition;no_support_metric_closed;no_support_success_bucket;panel_disagreement;support_absent,"Which film has the director born earlier, Safety Not Guaranteed or Once On The Rhine?",Once On The Rhine,Once On The Rhine
5,51,r4b-v2-0021,r3k-0080,2wiki,no_support,2wiki_no_support_success_leakage,metric_closed,correct,FALSE,wrong;correct,none,1,1,1,FALSE,,no_support_condition;no_support_metric_closed;no_support_success_bucket;panel_disagreement;support_absent,"Which film was released earlier, The Red Colored Grey Truck or Woman Basketball Player No. 5?",Woman Basketball Player No. 5,Woman Basketball Player No. 5
6,51,r4b-v2-0022,r3k-0087,2wiki,no_support,2wiki_no_support_success_leakage,metric_closed,correct,FALSE,wrong;correct,none,1,1,1,FALSE,,no_support_condition;no_support_metric_closed;no_support_success_bucket;panel_disagreement;support_absent,"Which album was released first, Gold And Green or Songs Of Leonard Cohen?",Songs Of Leonard Cohen,Songs Of Leonard Cohen
7,51,r4b-v2-0023,r3k-0100,2wiki,no_support,2wiki_no_support_success_leakage,metric_closed,correct,FALSE,wrong;correct,none,1,1,1,FALSE,,no_support_condition;no_support_metric_closed;no_support_success_bucket;panel_disagreement;support_absent,"Which film has the director died later, The Hole (1960 Film) or Nootrukku Nooru?",Nootrukku Nooru,Nootrukku Nooru
8,51,r4b-v2-0024,r3k-0137,2wiki,no_support,2wiki_no_support_success_leakage,metric_closed,correct,FALSE,wrong;correct,none,1,1,1,FALSE,,no_support_condition;no_support_metric_closed;no_support_success_bucket;panel_disagreement;support_absent,"Which film has the director who was born earlier, Broadway Melody Of 1940 or A Slave Of Love?",Broadway Melody Of 1940,Broadway Melody of 1940
9,51,r4b-v2-0025,r3k-0147,2wiki,no_support,2wiki_no_support_success_leakage,metric_closed,correct,FALSE,wrong;correct,none,1,1,1,FALSE,,no_support_condition;no_support_metric_closed;no_support_success_bucket;panel_disagreement;support_absent,"Which film has the director died later, After Tonight or All That Heaven Allows?",All That Heaven Allows,All That Heaven Allows
10,51,r4b-v2-0026,r3k-0153,2wiki,no_support,2wiki_no_support_success_leakage,metric_closed,correct,FALSE,wrong;correct,none,1,1,1,FALSE,,no_support_condition;no_support_metric_closed;no_support_success_bucket;panel_disagreement;support_absent,"Which film has the director who was born earlier, Hills Of Oklahoma or Madame Besøker Oslo?",Madame Besøker Oslo,Madame Besøker Oslo
11,51,r4b-v2-0027,r3k-0182,2wiki,no_support,2wiki_no_support_success_leakage,metric_closed,correct,FALSE,wrong;correct,none,1,1,1,FALSE,,no_support_condition;no_support_metric_closed;no_support_success_bucket;panel_disagreement;support_absent,"Who is older, Alex Barris or Eneill Buitendag?",Alex Barris,Alex Barris
12,38,r4b-v2-0028,r3k-0176,2wiki,bge_rerank_top10,2wiki_bge_only_success,metric_closed,wrong,FALSE,parse_error;wrong,metric_false_positive,1,0,0.8750000000000001,TRUE,1,metric_closed_panel_negative;panel_disagreement;panel_metric_error_metric_false_positive,"Which film was released more recently, The Proud And Profane or It'S A Mad, Mad, Mad, Mad World?","It'S A Mad, Mad, Mad, Mad World","It's A Mad, Mad, Mad, Mad World (2019) UNKNOWN"
13,37,r4b-v2-0032,r3k-0036,2wiki,no_support,2wiki_no_support_success_leakage,metric_closed,correct,TRUE,correct,none,1,1,1,FALSE,,no_support_condition;no_support_metric_closed;no_support_success_bucket;support_absent,"Which film has the director who was born later, The Mysterious Miss X or For Them That Trespass?",For Them That Trespass,For Them That Trespass
14,37,r4b-v2-0033,r3k-0042,2wiki,no_support,2wiki_no_support_success_leakage,metric_closed,correct,TRUE,correct,none,1,1,1,FALSE,,no_support_condition;no_support_metric_closed;no_support_success_bucket;support_absent,"Which film has the director who was born later, The Mate Of The Sally Ann or The Legend Of Hercules?",The Legend Of Hercules,The Legend Of Hercules
15,37,r4b-v2-0034,r3k-0043,2wiki,no_support,2wiki_no_support_success_leakage,metric_closed,correct,TRUE,correct,none,1,1,1,FALSE,,no_support_condition;no_support_metric_closed;no_support_success_bucket;support_absent,"Which film was released more recently, Shanghai Dreams or Canadian Mounties Vs. Atomic Invaders?",Shanghai Dreams,Shanghai Dreams
16,37,r4b-v2-0035,r3k-0050,2wiki,no_support,2wiki_no_support_success_leakage,metric_closed,correct,TRUE,correct,none,1,1,1,FALSE,,no_support_condition;no_support_metric_closed;no_support_success_bucket;support_absent,"Which film was released earlier, Commando Leopard or Invasion Of Astro-Monster?",Invasion Of Astro-Monster,Invasion Of Astro-Monster
17,37,r4b-v2-0037,r3k-0091,2wiki,no_support,2wiki_no_support_success_leakage,metric_closed,correct,TRUE,correct,none,1,1,1,FALSE,,no_support_condition;no_support_metric_closed;no_support_success_bucket;support_absent,Who is Nero Claudius Drusus's father?,Tiberius Claudius Nero,Tiberius Claudius Nero
18,37,r4b-v2-0039,r3k-0094,2wiki,no_support,2wiki_no_support_success_leakage,metric_closed,correct,TRUE,correct,none,1,1,1,FALSE,,no_support_condition;no_support_metric_closed;no_support_success_bucket;support_absent,"Which film was released earlier, Watch Your Stern or Strangers Of The Evening?",Strangers Of The Evening,Strangers Of The Evening
19,37,r4b-v2-0040,r3k-0119,2wiki,no_support,2wiki_no_support_success_leakage,metric_closed,correct,TRUE,correct,none,1,1,1,FALSE,,no_support_condition;no_support_metric_closed;no_support_success_bucket;support_absent,"Which film was released more recently, Last Stop or The Bear And The Doll?",The Bear And The Doll,The Bear And The Doll
20,37,r4b-v2-0041,r3k-0126,2wiki,no_support,2wiki_no_support_success_leakage,metric_closed,correct,TRUE,correct,none,1,1,1,FALSE,,no_support_condition;no_support_metric_closed;no_support_success_bucket;support_absent,"Which album came out earlier, Tha Carter Iii or Rings Around The World?",Rings Around The World,Rings Around The World
21,37,r4b-v2-0043,r3k-0136,2wiki,no_support,2wiki_no_support_success_leakage,metric_closed,correct,TRUE,correct,none,1,1,1,FALSE,,no_support_condition;no_support_metric_closed;no_support_success_bucket;support_absent,"Which film was released earlier, August Underground'S Penance or Vasantha Raagam?",Vasantha Raagam,Vasantha Raagam
22,37,r4b-v2-0044,r3k-0180,2wiki,no_support,2wiki_no_support_success_leakage,metric_closed,correct,TRUE,correct,none,1,1,1,FALSE,,no_support_condition;no_support_metric_closed;no_support_success_bucket;support_absent,"Which film came out first, On Se Calme Et On Boit Frais À Saint-Tropez or Africa Paradis?",On Se Calme Et On Boit Frais À Saint-Tropez,On Se Calme Et On Boit Frais À Saint-Tropez
23,37,r4b-v2-0094,r3k-0181,2wiki,no_support,2wiki_no_support_success_leakage,metric_closed,correct,TRUE,correct,none,1,1,1,FALSE,,no_support_condition;no_support_metric_closed;no_support_success_bucket;support_absent,"Which film has the director who is older, Don'T Take Me Home or Das Mädchen Und Der Staatsanwalt?",Das Mädchen Und Der Staatsanwalt,Das Mädchen Und Der Staatsanwalt
24,32,r4b-v2-0029,r3k-0101,hotpotqa,bge_rerank_top10,hotpot_metric_open_judge_positive,metric_open,partial,TRUE,partial,metric_false_negative,0,0,0.5,TRUE,1,metric_open_panel_positive;panel_metric_error_metric_false_negative;panel_partial,"Jacques Sernas, actor in Fugitive in Trieste, was of what nationality?",Lithuanian-born French,French
25,32,r4b-v2-0030,r3k-0173,hotpotqa,oracle_first,hotpot_metric_open_judge_positive,metric_open,partial,TRUE,partial,metric_false_negative,0,0,0.6666666666666666,TRUE,1,metric_open_panel_positive;panel_metric_error_metric_false_negative;panel_partial,Where are Catcha Lake and Hedley Mascot Mine located?,"British Columbia, Canada","Hedley, British Columbia"
26,27,r4b-v2-0031,r3k-0001,hotpotqa,oracle_first,hotpot_metric_open_judge_positive,metric_open,correct,TRUE,correct,metric_false_negative,0,0,0.5714285714285715,TRUE,1,metric_open_panel_positive;panel_metric_error_metric_false_negative,Philip Despencer's brother was a favorite of which king who was deposed in January of 1327?,King Edward II,Edward II of England
27,27,r4b-v2-0036,r3k-0059,hotpotqa,bge_rerank_top10,hotpot_metric_open_judge_positive,metric_open,correct,TRUE,correct,metric_false_negative,0,0,0,TRUE,1,metric_open_panel_positive;panel_metric_error_metric_false_negative,"Between Pine and Butea, which genus has the greatest number of species?","""Pinus""",Pine
28,27,r4b-v2-0038,r3k-0092,hotpotqa,oracle_first,hotpot_metric_open_judge_positive,metric_open,correct,TRUE,correct,metric_false_negative,0,0,0,TRUE,1,metric_open_panel_positive;panel_metric_error_metric_false_negative,What is the nationality of the foreign born victim of Singapore's caning punishment before Oliver Fricker experienced the same?,American,United States
29,27,r4b-v2-0042,r3k-0131,hotpotqa,oracle_first,hotpot_metric_open_judge_positive,metric_open,correct,TRUE,correct,metric_false_negative,0,0,0,TRUE,1,metric_open_panel_positive;panel_metric_error_metric_false_negative,"When would be the professional wrestling video game release in which Mark Henry will appear as ""legend""?","October 17, 2017",WWE 2K18
30,27,r4b-v2-0045,r3k-0199,hotpotqa,bm25_top10,hotpot_metric_open_judge_positive,metric_open,correct,TRUE,correct,metric_false_negative,0,0,0.4137931034482759,TRUE,1,metric_open_panel_positive;panel_metric_error_metric_false_negative,"Is Ashland, New Hampshire or Plymouth Regional High School located near the Scribner-Fellows State Forest?",Ashland is home to Scribner-Fellows State Forest,"Scribner-Fellows State Forest is located near Ashland, New Hampshire, not Plymouth Regional High School in New Hampshire. Therefore, the answer is"
31,19,r4b-v2-0046,r3k-0019,hotpotqa,bm25_top10,hotpot_metric_closed_judge_negative,metric_closed,correct,FALSE,wrong;correct,none,1,0,0.4,TRUE,1,panel_disagreement,What did Mustafa Kemal Atatürk's residence become once it became Atatürk Museum Mansion?  ,museum,Atatürk Museum Mansion
32,19,r4b-v2-0047,r3k-0171,hotpotqa,bm25_top10,hotpot_metric_open_judge_positive,metric_open,wrong,FALSE,wrong;correct,none,0,0,0,TRUE,1,panel_disagreement,What is the ratio of flow velocity past a boundary to the local speed of sound for a Saab JAS 39 Gripen?,2,Mach number
33,19,r4b-v2-0062,r3k-0169,2wiki,bm25_top10,2wiki_natural_success_oracle_fail,metric_closed,partial,FALSE,partial;wrong,none,1,0,0.5,TRUE,1,panel_disagreement;panel_partial,Where was the father of Ruth Hanna Mccormick born?,Lisbon,"New Lisbon, Ohio"
34,16,r4b-v2-0048,r3k-0008,2wiki,bge_rerank_top10,2wiki_all_support_conditions_fail,metric_open,wrong,FALSE,partial;wrong,none,0,0,0,TRUE,1,panel_disagreement,"Are both bands, The Church (Band) and Kookies N Kream, from the same country?",yes,UNKNOWN
35,16,r4b-v2-0049,r3k-0009,2wiki,bge_rerank_top10,2wiki_all_support_conditions_fail,metric_open,wrong,FALSE,partial;wrong,none,0,0,0,TRUE,1,panel_disagreement,Where does the director of film All For Love (2012 Film) work at?,China University of Political Science and Law,UNKNOWN
36,16,r4b-v2-0050,r3k-0029,2wiki,bge_rerank_top10,2wiki_bge_only_success,metric_closed,correct,FALSE,partial;correct,none,1,0,0.6666666666666666,TRUE,1,panel_disagreement,"Which film came out first, Invasion 1700 or Sunrise At Campobello?",Sunrise At Campobello,Sunrise At Campobello UNKNOWN Invasion 1700
37,16,r4b-v2-0051,r3k-0048,2wiki,bge_rerank_top10,2wiki_all_support_conditions_fail,metric_open,wrong,FALSE,wrong;parse_error,none,0,0,0,TRUE,1,panel_disagreement,Where was the place of death of Bakht-Un-Nissa Begum's father?,Delhi,UNKNOWN
38,16,r4b-v2-0052,r3k-0073,2wiki,bge_rerank_top10,2wiki_all_support_conditions_fail,metric_open,wrong,FALSE,wrong;parse_error,none,0,0,0,TRUE,1,panel_disagreement,"Do the movies Boogie (2008 Film) and Weekend With My Mother, originate from the same country?",yes,UNKNOWN
39,16,r4b-v2-0053,r3k-0081,2wiki,bge_rerank_top10,2wiki_bge_only_success,metric_closed,correct,FALSE,partial;correct,none,1,0,0.6666666666666666,TRUE,1,panel_disagreement,Where was the place of death of Archduke Stefan Of Austria's father?,Salzburg,"Salzburg, UNKNOWN"
40,16,r4b-v2-0054,r3k-0093,2wiki,bge_rerank_top10,2wiki_natural_success_oracle_fail,metric_closed,correct,FALSE,parse_error;correct,none,1,1,1,TRUE,1,panel_disagreement,"Which film has the director died later, Lost In The Stratosphere or Blind Man'S Eyes?",Blind Man'S Eyes,Blind Man'S Eyes
41,16,r4b-v2-0055,r3k-0106,2wiki,bm25_top10,2wiki_bm25_only_success,metric_closed,correct,FALSE,partial;correct,none,1,0,0.5,TRUE,1,panel_disagreement,Where did the director of film Life Without Soul die?,New York,"New York City, New York, USA"
42,16,r4b-v2-0056,r3k-0108,2wiki,bm25_top10,2wiki_natural_success_oracle_fail,metric_closed,correct,FALSE,parse_error;correct,none,1,1,1,TRUE,1,panel_disagreement,"Which film has the director born later, The Way To Love or My Love Came Back?",My Love Came Back,My Love Came Back
43,16,r4b-v2-0057,r3k-0114,2wiki,bm25_top10,2wiki_bm25_only_success,metric_closed,correct,FALSE,correct;parse_error,none,1,1,1,TRUE,4,panel_disagreement,"Who is the paternal grandfather of Sir John Hamilton-Dalrymple, 5Th Baronet?","Sir Hew Dalrymple, 2nd Baronet","Sir Hew Dalrymple, 2nd Baronet"
44,16,r4b-v2-0058,r3k-0127,2wiki,bge_rerank_top10,2wiki_natural_success_oracle_fail,metric_closed,correct,FALSE,correct;parse_error,none,1,1,1,TRUE,1,panel_disagreement,"Which film has the director who was born first, La Môme Vert-De-Gris or The Pod People?",La Môme Vert-De-Gris,La môme vert-de-gris
45,16,r4b-v2-0059,r3k-0140,2wiki,bge_rerank_top10,2wiki_bge_only_success,metric_closed,correct,FALSE,correct;parse_error,none,1,1,1,TRUE,1,panel_disagreement,"Which film has the director who was born earlier, I'Ll Be Yours or The Long Teeth?",I'Ll Be Yours,I'Ll Be Yours
46,16,r4b-v2-0060,r3k-0150,2wiki,bge_rerank_top10,2wiki_all_support_conditions_fail,metric_open,wrong,FALSE,wrong;parse_error,none,0,0,0,TRUE,1,panel_disagreement,"Which film whose director was born first, Rebellion In Patagonia or Sommokadidi Sokokadidi?",Rebellion In Patagonia,UNKNOWN
47,16,r4b-v2-0061,r3k-0156,2wiki,bge_rerank_top10,2wiki_all_support_conditions_fail,metric_open,wrong,FALSE,wrong;parse_error,none,0,0,0,TRUE,1,panel_disagreement,Who is the father-in-law of Empress He (Tang Dynasty)?,Emperor Yizong of Tang,UNKNOWN
48,16,r4b-v2-0063,r3k-0170,2wiki,bge_rerank_top10,2wiki_all_support_conditions_fail,metric_open,wrong,FALSE,wrong;parse_error,none,0,0,0,TRUE,1,panel_disagreement,Were William G. Gray and Simon May from the same country?,yes,UNKNOWN
49,16,r4b-v2-0064,r3k-0177,2wiki,bge_rerank_top10,2wiki_all_support_conditions_fail,metric_open,wrong,FALSE,partial;wrong,none,0,0,0,TRUE,1,panel_disagreement,Which award the performer of song Bernardine (Song) got?,Gospel Music Hall of Fame,UNKNOWN
50,16,r4b-v2-0065,r3k-0178,2wiki,bge_rerank_top10,2wiki_bge_only_success,metric_closed,correct,FALSE,partial;correct,none,1,0,0.6666666666666666,TRUE,1,panel_disagreement,Why did the performer of song Song To The Siren (Tim Buckley Song) die?,overdose,heroin overdose
51,16,r4b-v2-0066,r3k-0186,2wiki,bge_rerank_top10,2wiki_all_support_conditions_fail,metric_open,wrong,FALSE,wrong;parse_error,none,0,0,0,TRUE,1,panel_disagreement,"Where was the place of death of Gregory Cromwell, 1St Baron Cromwell's father?",Tower Hill,UNKNOWN
52,16,r4b-v2-0067,r3k-0188,2wiki,bge_rerank_top10,2wiki_all_support_conditions_fail,metric_open,wrong,FALSE,wrong;parse_error,none,0,0,0,TRUE,1,panel_disagreement,Where was the place of burial of Ælfwine Of Deira's father?,Whitby Abbey,UNKNOWN
53,16,r4b-v2-0068,r3k-0190,2wiki,bge_rerank_top10,2wiki_bge_only_success,metric_closed,correct,FALSE,partial;correct,none,1,0,0.6666666666666666,TRUE,1,panel_disagreement,Who was born first out of Balwan Singh and Tadas Babelis?,Balwan Singh,Balwan Singh Panghal MVC
54,14,r4b-v2-0082,r3k-0013,2wiki,bge_rerank_top10,2wiki_natural_success_oracle_fail,metric_closed,correct,FALSE,wrong;correct,none,1,1,1,TRUE,1,panel_disagreement,Where was the director of film Midnight Secrets born?,"Memphis, Tennessee","Memphis, Tennessee"
55,14,r4b-v2-0083,r3k-0022,2wiki,bge_rerank_top10,2wiki_all_support_conditions_fail,metric_open,wrong,FALSE,wrong;correct,none,0,0,0,TRUE,1,panel_disagreement,"Which film whose director was born first, The Great Flamarion or The Hollars?",The Great Flamarion,UNKNOWN
56,14,r4b-v2-0084,r3k-0122,2wiki,bge_rerank_top10,2wiki_all_support_conditions_fail,metric_open,wrong,FALSE,wrong;correct,none,0,0,0,TRUE,1,panel_disagreement,Are both Apachita (Inquisivi) and T'Ika Wasi located in the same country?,yes,UNKNOWN
57,14,r4b-v2-0085,r3k-0168,2wiki,bge_rerank_top10,2wiki_all_support_conditions_fail,metric_open,wrong,FALSE,wrong;correct,none,0,0,0,TRUE,1,panel_disagreement,Are Gare De La Roche-Sur-Yon and Gare De Namps-Quevauvillers both located in the same country?,yes,UNKNOWN
58,14,r4b-v2-0086,r3k-0192,2wiki,bge_rerank_top10,2wiki_all_support_conditions_fail,metric_open,wrong,FALSE,wrong;correct,none,0,0,0,TRUE,1,panel_disagreement,"Who is the uncle of Robert De Brus, 4Th Lord Of Annandale?",Robert III de Brus,UNKNOWN
59,14,r4b-v2-0087,r3k-0200,2wiki,bge_rerank_top10,2wiki_all_support_conditions_fail,metric_open,wrong,FALSE,wrong;correct,none,0,0,0,TRUE,1,panel_disagreement,Are both director of film The Stone Angel (Film) and director of film Bound For Glory (1975 Film) from the same country?,yes,UNKNOWN
60,5,r4b-v2-0069,r3k-0165,hotpotqa,oracle_first,hotpot_metric_open_judge_positive,metric_open,wrong,TRUE,wrong,none,0,0,0,TRUE,1,,What type of profession does Jonah Meyerson and Alison Pill have in common?,actor,actress
61,5,r4b-v2-0070,r3k-0027,2wiki,bm25_top10,2wiki_bm25_only_success,metric_closed,partial,TRUE,partial,none,1,0,0.6666666666666666,TRUE,1,panel_partial,What is the cause of death of director of film Chingaari?,cancer,kidney cancer
62,5,r4b-v2-0071,r3k-0142,2wiki,bm25_top10,2wiki_bm25_only_success,metric_closed,partial,TRUE,partial,none,1,0,0.6666666666666666,TRUE,1,panel_partial,What is the date of birth of Iseabail Ní Mheic Cailéin's father?,1433,c. 1433
63,5,r4b-v2-0088,r3k-0154,2wiki,bge_rerank_top10,2wiki_natural_success_oracle_fail,metric_closed,partial,TRUE,partial,none,1,0,0.5,TRUE,1,panel_partial,Which country the director of film The Lie (2018 Film) is from?,American,Canadian-born American
64,0,r4b-v2-0072,r3k-0005,2wiki,bm25_top10,2wiki_bm25_only_success,metric_closed,correct,TRUE,correct,none,1,1,1,TRUE,1,,"Which film was released more recently, Murder By Numbers or Ne Jouez Pas Avec Les Martiens?",Murder By Numbers,Murder By Numbers
65,0,r4b-v2-0073,r3k-0014,2wiki,bm25_top10,2wiki_natural_success_oracle_fail,metric_closed,correct,TRUE,correct,none,1,1,1,TRUE,1,,"What is the date of death of Hermann Ii, Landgrave Of Hesse's father?",2 February 1345,2 February 1345
66,0,r4b-v2-0074,r3k-0020,2wiki,bm25_top10,2wiki_natural_success_oracle_fail,metric_closed,correct,TRUE,correct,none,1,1,1,TRUE,1,,"Which film has the director who was born earlier, 16 Blocks or The Third Page?",16 Blocks,16 Blocks
67,0,r4b-v2-0075,r3k-0024,2wiki,bm25_top10,2wiki_bm25_only_success,metric_closed,correct,TRUE,correct,none,1,1,1,TRUE,1,,"What is the date of death of Eric I, Duke Of Schleswig's father?",29 June 1252,29 June 1252
68,0,r4b-v2-0076,r3k-0026,2wiki,bm25_top10,2wiki_natural_success_oracle_fail,metric_closed,correct,TRUE,correct,none,1,1,1,TRUE,1,,"Which film has the director who died later, Lemon Grove Kids Meet The Monsters or I Learned It From Father?",Lemon Grove Kids Meet The Monsters,The Lemon Grove Kids Meet The Monsters
69,0,r4b-v2-0077,r3k-0032,2wiki,bm25_top10,2wiki_bm25_only_success,metric_closed,correct,TRUE,correct,none,1,1,1,TRUE,1,,"Which film has the director died earlier, Smiley Gets A Gun or Frankenstein And The Monster From Hell?",Smiley Gets A Gun,Smiley Gets A Gun
70,0,r4b-v2-0078,r3k-0034,2wiki,bm25_top10,2wiki_bm25_only_success,metric_closed,correct,TRUE,correct,none,1,1,1,TRUE,1,,"Which film has the director who was born later, Aloha, Bobby And Rose or The Elusive Avengers?","Aloha, Bobby And Rose","Aloha, Bobby and Rose"
71,0,r4b-v2-0079,r3k-0040,2wiki,bm25_top10,2wiki_bm25_only_success,metric_closed,correct,TRUE,correct,none,1,1,1,TRUE,1,,Where did the director of film 13 Fighting Men die?,"Palm Springs, California","Palm Springs, California"
72,0,r4b-v2-0080,r3k-0041,2wiki,bm25_top10,2wiki_bm25_only_success,metric_closed,correct,TRUE,correct,none,1,1,1,TRUE,1,,Where did the director of film Chalta Purza die?,Mumbai,Mumbai
73,0,r4b-v2-0081,r3k-0051,2wiki,bm25_top10,2wiki_bm25_only_success,metric_closed,correct,TRUE,correct,none,1,1,1,TRUE,1,,"Which film whose director is younger, The Secret Of Madame Blanche or Dasima?",Dasima,Dasima
74,0,r4b-v2-0089,r3k-0004,2wiki,bge_rerank_top10,2wiki_natural_success_oracle_fail,metric_closed,correct,TRUE,correct,none,1,1,1,TRUE,1,,Where was the director of film Aylwin (Film) born?,"Weston-super-Mare, Somerset","Weston-super-Mare, Somerset"
75,0,r4b-v2-0090,r3k-0006,2wiki,bge_rerank_top10,2wiki_all_support_conditions_fail,metric_open,wrong,TRUE,wrong,none,0,0,0,TRUE,1,,"Where did Charles Wellesley, 9Th Duke Of Wellington's father die?",Stratfield Saye House,UNKNOWN
76,0,r4b-v2-0091,r3k-0007,2wiki,bge_rerank_top10,2wiki_all_support_conditions_fail,metric_open,wrong,TRUE,wrong,none,0,0,0,TRUE,1,,Where was the place of burial of Amarindra's husband?,Siam,UNKNOWN
77,0,r4b-v2-0092,r3k-0010,2wiki,bge_rerank_top10,2wiki_bge_only_success,metric_closed,correct,TRUE,correct,none,1,1,1,TRUE,1,,When did Marcus Julius Gessius Bassianus's father die?,218,218
78,0,r4b-v2-0093,r3k-0011,2wiki,bge_rerank_top10,2wiki_all_support_conditions_fail,metric_open,wrong,TRUE,wrong,none,0,0,0,TRUE,1,,"Which film has the director who was born later, The Night The Prowler or When The Gods Fall Asleep?",The Night The Prowler,When The Gods Fall Asleep
79,0,r4b-v2-0095,r3k-0012,2wiki,bge_rerank_top10,2wiki_all_support_conditions_fail,metric_open,wrong,TRUE,wrong,none,0,0,0,TRUE,1,,Are both Bowling Green State University College Of Education And Human Development and Central Institute Of Buddhist Studies located in the same country?,no,UNKNOWN
80,0,r4b-v2-0096,r3k-0015,2wiki,bge_rerank_top10,2wiki_all_support_conditions_fail,metric_open,wrong,TRUE,wrong,none,0,0,0,TRUE,1,,Who is Alfonso Jordan's maternal grandmother?,Jimena Muñoz,UNKNOWN
81,0,r4b-v2-0097,r3k-0017,2wiki,bge_rerank_top10,2wiki_all_support_conditions_fail,metric_open,wrong,TRUE,wrong,none,0,0,0,TRUE,1,,Are Assigned To Danger and The Ghost That Never Returns both from the same country?,no,UNKNOWN
82,0,r4b-v2-0098,r3k-0023,2wiki,bge_rerank_top10,2wiki_bge_only_success,metric_closed,correct,TRUE,correct,none,1,0,0.8571428571428571,TRUE,1,,Where was the director of film The January Man born?,"Ardmore, County Waterford","Ardmore, County Waterford, Ireland"
83,0,r4b-v2-0099,r3k-0025,2wiki,bge_rerank_top10,2wiki_all_support_conditions_fail,metric_open,wrong,TRUE,wrong,none,0,0,0,TRUE,1,,What nationality is the performer of song Flames (Sg Lewis Song)?,English,Australian
84,0,r4b-v2-0100,r3k-0028,2wiki,bge_rerank_top10,2wiki_bge_only_success,metric_closed,correct,TRUE,correct,none,1,1,1,TRUE,1,,"Which film was released more recently, The James Dean Story or Little Thieves, Big Thieves?","Little Thieves, Big Thieves","Little Thieves, Big Thieves"
85,0,r4b-v2-0101,r3k-0030,2wiki,bge_rerank_top10,2wiki_all_support_conditions_fail,metric_open,wrong,TRUE,wrong,none,0,0,0,TRUE,1,,Who is the father of the composer of song I Am The World?,Hugh Gibb,UNKNOWN
86,0,r4b-v2-0102,r3k-0033,2wiki,bge_rerank_top10,2wiki_bge_only_success,metric_closed,correct,TRUE,correct,none,1,1,1,TRUE,1,,"Which film was released earlier, Donne Con Le Gonne or Hot Saturday?",Hot Saturday,Hot Saturday
87,0,r4b-v2-0103,r3k-0035,2wiki,bge_rerank_top10,2wiki_all_support_conditions_fail,metric_open,wrong,TRUE,wrong,none,0,0,0,TRUE,1,,Are both directors of films Dear Mr. Prohack and Returning Mickey Stern from the same country?,yes,UNKNOWN
88,0,r4b-v2-0104,r3k-0037,2wiki,bge_rerank_top10,2wiki_natural_success_oracle_fail,metric_closed,correct,TRUE,correct,none,1,1,1,TRUE,1,,Where did Mate Meštrović's father graduate from?,Academy of Fine Arts Vienna,Academy of Fine Arts Vienna
89,0,r4b-v2-0105,r3k-0038,2wiki,bge_rerank_top10,2wiki_bge_only_success,metric_closed,correct,TRUE,correct,none,1,1,1,TRUE,1,,"Which film was released more recently, Jolly Roger: Massacre At Cutter'S Cove or Texas Lightning (Film)?",Jolly Roger: Massacre At Cutter'S Cove,Jolly Roger: Massacre At Cutter'S Cove
90,0,r4b-v2-0106,r3k-0039,2wiki,bge_rerank_top10,2wiki_bge_only_success,metric_closed,correct,TRUE,correct,none,1,1,1,TRUE,1,,"Who was born first, Constantin Schreiber or Deon Mouton?",Deon Mouton,Deon Mouton
91,0,r4b-v2-0107,r3k-0044,2wiki,bge_rerank_top10,2wiki_bge_only_success,metric_closed,correct,TRUE,correct,none,1,1,1,TRUE,1,,"Which film has the director who died earlier, You'Re Missing The Point or La Figliastra?",You'Re Missing The Point,You're Missing The Point
92,0,r4b-v2-0108,r3k-0047,2wiki,bge_rerank_top10,2wiki_all_support_conditions_fail,metric_open,wrong,TRUE,wrong,none,0,0,0,TRUE,1,,Are both Kaltwasserkarspitze and Grübelekopf located in the same country?,yes,UNKNOWN
93,0,r4b-v2-0109,r3k-0049,2wiki,bge_rerank_top10,2wiki_natural_success_oracle_fail,metric_closed,correct,TRUE,correct,none,1,0,0.5,TRUE,1,,Where was the director of film God'S Comedy born?,Figueira,Figueira da Foz
94,0,r4b-v2-0110,r3k-0052,2wiki,bge_rerank_top10,2wiki_bge_only_success,metric_closed,correct,TRUE,correct,none,1,1,1,TRUE,1,,"Which film has the director died earlier, King For A Night or The Lamp Still Burns?",King For A Night,King For A Night
95,0,r4b-v2-0111,r3k-0055,2wiki,bm25_top10,2wiki_bm25_only_success,metric_closed,correct,TRUE,correct,none,1,1,1,TRUE,1,,"Which film has the director who died later, What Will You Do When You Catch Me? or School On Fire?",School On Fire,School On Fire
96,0,r4b-v2-0112,r3k-0056,2wiki,bm25_top10,2wiki_natural_success_oracle_fail,metric_closed,correct,TRUE,correct,none,1,1,1,TRUE,1,,Where was the director of film Flatliners (2017 Film) born?,Denmark,Denmark
97,0,r4b-v2-0113,r3k-0058,2wiki,bm25_top10,2wiki_bm25_only_success,metric_closed,correct,TRUE,correct,none,1,1,1,TRUE,1,,"Which magazine was established first, Urbe Bikini or Los Angeles Times Magazine?",Los Angeles Times Magazine,Los Angeles Times Magazine
98,0,r4b-v2-0114,r3k-0061,2wiki,bm25_top10,2wiki_bm25_only_success,metric_closed,correct,TRUE,correct,none,1,1,1,TRUE,1,,Are director of film Ghosts Of Mississippi and director of film The Silence (1998 Film) both from the same country?,no,No
99,0,r4b-v2-0115,r3k-0062,2wiki,bm25_top10,2wiki_bm25_only_success,metric_closed,correct,TRUE,correct,none,1,1,1,TRUE,1,,"Which film has the director who is older than the other, Blue Blood And Red or The Longshot? ",Blue Blood And Red,Blue Blood And Red
100,0,r4b-v2-0116,r3k-0064,2wiki,bge_rerank_top10,2wiki_bge_only_success,metric_closed,correct,TRUE,correct,none,1,1,1,TRUE,1,,"Which film came out first, The Magic Of Belle Isle or Krishnarjuna?",Krishnarjuna,Krishnarjuna
101,0,r4b-v2-0117,r3k-0065,2wiki,bm25_top10,2wiki_natural_success_oracle_fail,metric_closed,correct,TRUE,correct,none,1,1,1,TRUE,1,,What is the place of birth of Princess Caroline Of Hesse-Darmstadt's husband?,Bad Homburg vor der Höhe,Bad Homburg vor der Höhe
102,0,r4b-v2-0118,r3k-0066,2wiki,bge_rerank_top10,2wiki_natural_success_oracle_fail,metric_closed,correct,TRUE,correct,none,1,1,1,TRUE,1,,"Which film has the director who is older than the other, Two And A Lady or The Velvet Vampire? ",Two And A Lady,Two and a Lady
103,0,r4b-v2-0119,r3k-0068,2wiki,bge_rerank_top10,2wiki_bge_only_success,metric_closed,correct,TRUE,correct,none,1,1,1,TRUE,1,,"When did John Lyon, 6Th Lord Glamis's father die?",1500,1500
104,0,r4b-v2-0120,r3k-0070,2wiki,bm25_top10,2wiki_bm25_only_success,metric_closed,correct,TRUE,correct,none,1,1,1,TRUE,1,,"Who is older, Olga Modrachová or Charlotta Von Liewen?",Charlotta Von Liewen,Charlotta Von Liewen
105,0,r4b-v2-0121,r3k-0071,2wiki,bge_rerank_top10,2wiki_bge_only_success,metric_closed,correct,TRUE,correct,none,1,1,1,TRUE,1,,What is the date of birth of the founder of Mcgraw Electric?,1 February 1883,1 February 1883
106,0,r4b-v2-0122,r3k-0074,2wiki,bge_rerank_top10,2wiki_natural_success_oracle_fail,metric_closed,correct,TRUE,correct,none,1,1,1,TRUE,1,,"Which film has the director died later, Zombie Wars or The Mad Martindales?",Zombie Wars,Zombie Wars
107,0,r4b-v2-0123,r3k-0075,2wiki,bge_rerank_top10,2wiki_natural_success_oracle_fail,metric_closed,correct,TRUE,correct,none,1,1,1,TRUE,1,,Where was the composer of song Back In The U.S.A. born?,"St. Louis, Missouri","St. Louis, Missouri"
108,0,r4b-v2-0124,r3k-0076,2wiki,bge_rerank_top10,2wiki_all_support_conditions_fail,metric_open,wrong,TRUE,wrong,none,0,0,0,TRUE,1,,Which country Aristarete's father is from?,Athens,UNKNOWN
109,0,r4b-v2-0125,r3k-0078,2wiki,bge_rerank_top10,2wiki_bge_only_success,metric_closed,correct,TRUE,correct,none,1,1,1,TRUE,1,,Who was born first out of Kazimierz Cichowski and Ellen Margrethe Løj?,Kazimierz Cichowski,Kazimierz Cichowski
110,0,r4b-v2-0126,r3k-0079,2wiki,bm25_top10,2wiki_natural_success_oracle_fail,metric_closed,correct,TRUE,correct,none,1,0,0.8,TRUE,4,,What is the place of birth of Annick Dumont's husband?,Béziers,"Béziers, France"
111,0,r4b-v2-0127,r3k-0082,2wiki,bm25_top10,2wiki_natural_success_oracle_fail,metric_closed,correct,TRUE,correct,none,1,1,1,TRUE,1,,"Which film came out first, Ami Neta Hobo or Hood Of The Living Dead?",Hood Of The Living Dead,Hood Of The Living Dead
112,0,r4b-v2-0128,r3k-0083,2wiki,bge_rerank_top10,2wiki_natural_success_oracle_fail,metric_closed,correct,TRUE,correct,none,1,1,1,TRUE,1,,"Which film has the director died later, Magnum Force or Brilliant Waltz?",Magnum Force,Magnum Force
113,0,r4b-v2-0129,r3k-0084,2wiki,bm25_top10,2wiki_bm25_only_success,metric_closed,correct,TRUE,correct,none,1,1,1,TRUE,2,,Where did Lionel Giles's father graduate from?,Charterhouse School,Charterhouse School
114,0,r4b-v2-0130,r3k-0085,2wiki,bm25_top10,2wiki_bm25_only_success,metric_closed,correct,TRUE,correct,none,1,1,1,TRUE,1,,"Which film whose director is younger, Rustlers' Rhapsody or A Fistful Of Fingers?",A Fistful Of Fingers,A Fistful Of Fingers
115,0,r4b-v2-0131,r3k-0086,2wiki,bm25_top10,2wiki_bm25_only_success,metric_closed,correct,TRUE,correct,none,1,0,0.8,TRUE,1,,Where did the director of film Sagar Alias Jacky Reloaded graduate from?,Satyajit Ray Film and Television Institute,"Satyajit Ray Film And Television Institute of India, Kolkata"
116,0,r4b-v2-0132,r3k-0088,2wiki,bm25_top10,2wiki_bm25_only_success,metric_closed,correct,TRUE,correct,none,1,1,1,TRUE,1,,"Which film has the director died earlier, Toto And Cleopatra or Land Of Peace?",Toto And Cleopatra,Toto And Cleopatra
117,0,r4b-v2-0133,r3k-0089,2wiki,bm25_top10,2wiki_bm25_only_success,metric_closed,correct,TRUE,correct,none,1,1,1,TRUE,1,,What is the date of death of the composer of song Limehouse Blues (Song)?,2 May 1934,2 May 1934
118,0,r4b-v2-0136,r3k-0097,2wiki,bge_rerank_top10,2wiki_natural_success_oracle_fail,metric_closed,correct,TRUE,correct,none,1,1,1,TRUE,1,,"Which film has the director who is older than the other, Undercover Agent or What A Girl? ",What A Girl,What A Girl
119,0,r4b-v2-0137,r3k-0098,2wiki,bge_rerank_top10,2wiki_natural_success_oracle_fail,metric_closed,correct,TRUE,correct,none,1,0,0.8,TRUE,1,,Where was the mother of Mohammed Bin Hamad Bin Khalifa Al Thani born?,Al Khor,"Al Khor, Qatar"
120,0,r4b-v2-0138,r3k-0102,2wiki,bm25_top10,2wiki_natural_success_oracle_fail,metric_closed,correct,TRUE,correct,none,1,1,1,TRUE,1,,Where was the place of death of the director of film Family Parade?,Königstein im Taunus,Königstein im Taunus
121,0,r4b-v2-0139,r3k-0103,2wiki,bm25_top10,2wiki_bm25_only_success,metric_closed,correct,TRUE,correct,none,1,1,1,TRUE,1,,"Which film whose director is younger, Ingrid – Die Geschichte Eines Fotomodells or South Of Rio?",Ingrid – Die Geschichte Eines Fotomodells,Ingrid – Die Geschichte Eines Fotomodells
122,0,r4b-v2-0140,r3k-0104,2wiki,bge_rerank_top10,2wiki_all_support_conditions_fail,metric_open,wrong,TRUE,wrong,none,0,0,0,TRUE,1,,"What is the place of birth of Henry Iii, Holy Roman Emperor's father?",Speyer,UNKNOWN
123,0,r4b-v2-0141,r3k-0105,2wiki,bge_rerank_top10,2wiki_bge_only_success,metric_closed,correct,TRUE,correct,none,1,1,1,TRUE,1,,"Who is older, Werner Jaegerhuber or Peter Skellern?",Werner Jaegerhuber,Werner Jaegerhuber
124,0,r4b-v2-0142,r3k-0107,2wiki,bm25_top10,2wiki_natural_success_oracle_fail,metric_closed,correct,TRUE,correct,none,1,1,1,TRUE,1,,"Which film has the director born first, Husbands And Lovers or Il Trafficone?",Husbands And Lovers,Husbands And Lovers
125,0,r4b-v2-0143,r3k-0109,2wiki,bm25_top10,2wiki_bm25_only_success,metric_closed,correct,TRUE,correct,none,1,1,1,TRUE,2,,What is the date of death of Alexander Of Masovia's father?,21 January 1426,21 January 1426
126,0,r4b-v2-0144,r3k-0110,2wiki,bge_rerank_top10,2wiki_natural_success_oracle_fail,metric_closed,correct,TRUE,correct,none,1,1,1,TRUE,1,,Where was the husband of Jana Tichá born?,Počátky,Počátky
127,0,r4b-v2-0145,r3k-0111,2wiki,bge_rerank_top10,2wiki_all_support_conditions_fail,metric_open,wrong,TRUE,wrong,none,0,0,0,TRUE,1,,Do both films King Uncle and Kanyaka (Film) have the directors from the same country?,yes,UNKNOWN
128,0,r4b-v2-0146,r3k-0112,2wiki,bge_rerank_top10,2wiki_all_support_conditions_fail,metric_open,wrong,TRUE,wrong,none,0,0,0,TRUE,1,,Who is the maternal grandmother of Otto Von Habsburg?,Infanta Maria Antonia of Portugal,UNKNOWN
129,0,r4b-v2-0147,r3k-0113,2wiki,bge_rerank_top10,2wiki_all_support_conditions_fail,metric_open,wrong,TRUE,wrong,none,0,0,0,TRUE,1,,What is the place of birth of the director of film Huey Long (Film)?,Brooklyn,UNKNOWN
130,0,r4b-v2-0148,r3k-0116,2wiki,bm25_top10,2wiki_bm25_only_success,metric_closed,correct,TRUE,correct,none,1,1,1,TRUE,1,,"Which film was released more recently, 3 Nafas Likas or The Bravest Way?",3 Nafas Likas,3 Nafas Likas
131,0,r4b-v2-0149,r3k-0117,2wiki,bm25_top10,2wiki_bm25_only_success,metric_closed,correct,TRUE,correct,none,1,1,1,TRUE,1,,"Which film was released more recently, Marriage License? or Maalgudi Days?",Maalgudi Days,Maalgudi Days
132,0,r4b-v2-0150,r3k-0118,2wiki,bge_rerank_top10,2wiki_natural_success_oracle_fail,metric_closed,correct,TRUE,correct,none,1,1,1,TRUE,1,,"Which film has the director who was born later, Le Paria or Young Doctors In Love?",Young Doctors In Love,Young Doctors In Love
